Sound File,final_F0,final_duration
NEW-m3-dec-a5.wav,92.5735072577299,0.20248801996021404
NEW-m2-dqu-c6.wav,98.60943098208935,0.13549099953125
NEW-m3-dec-a4.wav,90.84799508536256,0.190125148111979
BEL-f1-dqu-c5.wav,205.09370478125706,0.27516535809027787
CAM-f3-dqu-a1.wav,194.99341381873197,0.3663371050911459
BEL-f1-dqu-c4.wav,206.81520796797662,0.168176155533854
NEW-m1-dec-b5.wav,147.94916047966953,0.33950358285156246
NEW-m1-dec-b4.wav,144.04913067513888,0.20543749213324647
CAM-f1-dqu-b1.wav,127.11357687366976,0.26
NEW-f2-dec-a8.wav,178.50392449392814,0.2899999999999998
BEL-f2-dec-b6.wav,225.67576190459226,0.2390680409035013
NEW-m2-dec-a2.wav,121.42032478295465,0.18128387329210072
NEW-m3-dqu-c1.wav,136.57434250005517,0.20475836858651608
NEW-m2-dec-a3.wav,95.92432035441887,0.09876361207465278
CAM-f3-dec-c4.wav,111.51821269526295,0.36843181427517346
BEL-f1-dec-a1.wav,198.56287936296337,0.24972588831886555
CAM-f3-dec-c5.wav,165.69992917224366,0.43999999999999995
NEW-f1-dqu-c5.wav,217.72609655581536,0.3600000000000001
NEW-f1-dqu-c4.wav,195.23765145203623,0.35026390040292243
BEL-m3-dec-a5.wav,103.36548591458353,0.24261958681206608
CAM-m1-dec-c1.wav,138.85619991548725,0.29000000000000004
BEL-m2-dqu-c6.wav,130.09921043396903,0.2160960960677083
BEL-m3-dec-a4.wav,110.05999677291965,0.2518619037217884
NEW-f3-dec-b1.wav,175.40746805419263,0.26863381215856474
NEW-f2-dec-b6.wav,172.11789484605632,0.23697695958333354
BEL-f2-dec-a8.wav,219.85468671381003,0.3333508895138888
BEL-m1-dec-b5.wav,96.48709771155472,0.36
CAM-m2-dqu-b3.wav,76.55993809162543,0.20999999999999996
BEL-m1-dec-b4.wav,94.49059327068127,0.19999999999999984
CAM-m2-dqu-b2.wav,73.98512537985864,0.1817785984874133
NEW-f1-dec-a1.wav,208.47394869482605,0.264617456709346
BEL-m2-dec-a2.wav,88.54960880741366,0.25
BEL-m3-dqu-c1.wav,142.60735629497785,0.24349863092013868
CAM-m1-dqu-a5.wav,185.8311361232554,0.19010672262369788
BEL-m2-dec-a3.wav,75.28288000139538,0.305245927858796
NEW-f1-dec-b4.wav,198.94427048325124,0.25
NEW-f1-dec-b5.wav,206.31209071940154,0.3699999999999999
BEL-m2-dec-b6.wav,88.89260334886175,0.24985838137152783
CAM-m1-dqu-b1.wav,163.22014810100006,0.2934645561190683
NEW-f2-dec-a3.wav,145.96700348917545,0.28746491667534735
NEW-f3-dqu-c1.wav,167.5341933340856,0.2799999999999999
NEW-f2-dec-a2.wav,149.36880159326086,0.21198050210937502
CAM-m2-dqu-a7.wav,79.69512640874984,0.2799999999999999
BEL-m1-dec-a1.wav,99.30808069714274,0.2675957222945602
CAM-m2-dqu-a6.wav,79.9307224260812,0.20852557652994785
NEW-f3-dec-a4.wav,176.08391797271184,0.28
NEW-f3-dec-a5.wav,175.0117311686194,0.31000000000000005
BEL-m1-dqu-c4.wav,156.6569461444009,0.33000000000000007
CAM-m2-dec-c2.wav,65.8837787428893,0.2216594336581309
BEL-m1-dqu-c5.wav,154.81185598901664,0.30999999999999994
CAM-m2-dec-c3.wav,71.75719345435957,0.22893485943359393
BEL-m3-dec-b1.wav,107.00026983615288,0.24467175529513896
BEL-m2-dec-a8.wav,93.08028964386138,0.31170898663194446
NEW-m2-dec-b6.wav,95.69700791263112,0.09622931906539356
BEL-f1-dec-b4.wav,201.69480314189073,0.22999999999999998
BEL-f1-dec-b5.wav,221.21340588272258,0.30000000000000004
NEW-m1-dec-a1.wav,118.96312035216215,0.31000000000000005
CAM-f1-dqu-a5.wav,86.65135328770852,0.2899999999999998
BEL-f2-dec-a3.wav,219.23029772067184,0.35140927327907956
CAM-f1-dqu-a4.wav,179.07933745465022,0.3266048359042244
BEL-f2-dec-a2.wav,205.78720261555287,0.31448875761718753
NEW-m1-dqu-c4.wav,166.87384092336336,0.28549448957537615
NEW-m1-dqu-c5.wav,159.18139301573962,0.33686527091507534
BEL-f2-dqu-c6.wav,252.3791631498228,0.32000000000000006
CAM-f1-dec-c1.wav,123.57912617285538,0.2599999999999999
NEW-m3-dec-b1.wav,94.35369186726963,0.30159718930844903
CAM-f3-dqu-b5.wav,205.69511617950644,0.3800000000000001
CAM-f3-dqu-b4.wav,207.5299436902118,0.28
BEL-m3-dqu-a8.wav,129.59218371694564,0.32000000000000006
NEW-m3-dqu-b6.wav,147.03044087616482,0.13302382062065965
CAM-f3-dec-b3.wav,104.75716902834516,0.31000000000000005
CAM-f3-dec-b2.wav,140.567604940019,0.28
NEW-m1-dec-c2.wav,146.69010304655492,0.25074284684606485
NEW-m1-dec-c3.wav,147.67445362267003,0.3132366572106482
CAM-f1-dqu-c6.wav,187.19272829271281,0.30000000000000004
BEL-f2-dec-c1.wav,218.24341414825622,0.3006145272070312
NEW-m1-dqu-a7.wav,166.22301724565543,0.2994902343750001
NEW-m1-dqu-a6.wav,115.19208773338836,0.22999999999999998
CAM-f1-dec-a3.wav,153.89658564221912,0.26
BEL-f2-dqu-a4.wav,262.5621286310819,0.29806960489583356
CAM-f1-dec-a2.wav,74.20396234757415,0.23020495004629615
CAM-m1-dec-a8.wav,121.78181672502556,0.34999999999999987
NEW-m2-dqu-b1.wav,114.22560601977183,0.13966546187789353
BEL-f1-dqu-b2.wav,232.09541190711641,0.23495663061776617
BEL-f1-dqu-b3.wav,200.51901634106466,0.21240371247829848
BEL-m3-dqu-b6.wav,136.47370109311106,0.15765486067708334
NEW-m3-dqu-a8.wav,139.75588055203417,0.24112331693142364
NEW-f3-dqu-a2.wav,158.4499831167158,0.2563655919314236
NEW-f3-dqu-a3.wav,191.83666078298896,0.2993388671874999
NEW-f2-dec-c1.wav,131.60509979016135,0.2499999999999999
CAM-m2-dqu-c4.wav,76.41863324456854,0.2768061355707465
BEL-m1-dec-c2.wav,108.6294952188752,0.20423203011501734
BEL-m1-dec-c3.wav,108.84331755742204,0.28
NEW-f2-dqu-a5.wav,135.77778276852777,0.27
NEW-f3-dec-c6.wav,139.41842161850002,0.27
BEL-m1-dqu-a7.wav,111.52737811323982,0.29999999999999993
CAM-m2-dec-a1.wav,80.53418153825189,0.28049899999999994
BEL-m1-dqu-a6.wav,106.96512672656242,0.30999999999999994
NEW-f1-dqu-b2.wav,235.28467295522532,0.31603373324869777
NEW-f1-dqu-b3.wav,197.60785851330002,0.2600338426663773
CAM-m1-dec-b6.wav,105.03003288883983,0.19000000000000017
BEL-m2-dqu-b1.wav,134.82623531831686,0.26144412633463543
NEW-f1-dqu-a6.wav,226.69326709987342,0.16999999999999993
BEL-m3-dec-c6.wav,115.49353630669478,0.24814512312499992
CAM-m1-dec-a2.wav,174.02268366654323,0.21802769965277802
BEL-m2-dqu-a5.wav,78.53961247015566,0.19999999999999996
CAM-m1-dec-a3.wav,123.99330654012445,0.31000000000000005
CAM-f1-dec-a8.wav,85.95892397754555,0.31098655474464687
CAM-m2-dec-b5.wav,67.81053783207486,0.28
BEL-m1-dqu-b3.wav,191.44002852120045,0.24539633395833316
BEL-m1-dqu-b2.wav,159.8673392527983,0.2872547748119213
NEW-f3-dqu-b6.wav,184.2008649598651,0.24
NEW-f1-dec-c3.wav,203.19060597076418,0.3400000000000001
NEW-f1-dec-c2.wav,178.98439240054526,0.26643065456163195
BEL-m3-dqu-a3.wav,149.94079482806706,0.24819068041449643
BEL-m3-dqu-a2.wav,133.38218522738813,0.2862856967136862
CAM-m1-dqu-c6.wav,202.34154790058503,0.2666527122569444
NEW-m3-dec-c6.wav,94.54512572509185,0.24154502857349547
NEW-m2-dqu-a4.wav,94.50426750520589,0.2073196234461806
NEW-m2-dqu-a5.wav,138.59771044926316,0.1804490415219907
BEL-f1-dqu-a6.wav,235.06687728785332,0.26
CAM-f3-dqu-c2.wav,204.49538152144632,0.3281166384548615
CAM-f3-dqu-c3.wav,188.21041884622844,0.3217000568822339
BEL-f1-dqu-a7.wav,245.9321755163868,0.27801502404369205
NEW-m1-dqu-b3.wav,227.16748522648982,0.2211196661147279
NEW-m1-dqu-b2.wav,171.92012601908985,0.19081437886791097
BEL-f2-dqu-b1.wav,227.13091512180347,0.23456240859374988
CAM-f1-dec-b6.wav,123.87519901472953,0.18999999999999995
NEW-m2-dec-c1.wav,93.93177545011736,0.17000000000000004
NEW-m3-dqu-a3.wav,144.7190960208113,0.19176999702039943
NEW-m3-dqu-a2.wav,139.21409390837258,0.23053939563006365
CAM-f3-dec-a7.wav,143.21384093923047,0.38282640384114575
BEL-f1-dec-c3.wav,206.50927797087712,0.2382776360112847
BEL-f1-dec-c2.wav,203.6509785026386,0.2205228423278357
CAM-f3-dec-a6.wav,147.20442904842665,0.31000000000000005
NEW-m1-dec-c5.wav,149.21946255529028,0.36336786944444466
NEW-m1-dec-c4.wav,139.27702199976153,0.28327417396484367
CAM-f1-dqu-c1.wav,196.54075591659472,0.2600000000000001
BEL-f2-dec-c6.wav,223.02912317395257,0.19637066391059044
NEW-m3-dqu-b1.wav,152.79992248992212,0.1707243018634259
CAM-f3-dec-b4.wav,121.09053985568316,0.29000000000000004
CAM-f3-dec-b5.wav,128.58772991902043,0.3800000000000001
NEW-m2-dqu-b6.wav,126.51684043481609,0.1016248694118923
BEL-f1-dqu-b5.wav,209.83826987294518,0.2799999999999998
BEL-f1-dqu-b4.wav,260.6237329258499,0.15999999999999992
NEW-m1-dqu-a1.wav,179.9317498345248,0.29507024713541685
CAM-f1-dec-a4.wav,152.7304629907557,0.307888966461227
BEL-f2-dqu-a2.wav,250.23401425534053,0.25771345823567704
CAM-f1-dec-a5.wav,120.55859191910089,0.26
BEL-f2-dqu-a3.wav,251.14968354369103,0.2853315006358508
NEW-f3-dqu-a5.wav,209.17619713672997,0.2999999999999998
NEW-f2-dec-c6.wav,180.47008463083608,0.28363055239076984
NEW-f3-dqu-a4.wav,189.82018090545722,0.27627899159505187
BEL-m1-dec-c5.wav,85.42614110426332,0.2599999999999999
CAM-m2-dqu-c3.wav,99.34012042495863,0.26
BEL-m1-dec-c4.wav,79.01284673978921,0.2699999999999999
CAM-m2-dqu-c2.wav,67.8431773883457,0.25886263959780087
BEL-m3-dqu-b1.wav,145.21727894333446,0.2713136539583334
NEW-f1-dqu-b5.wav,225.03294425640811,0.3166289537854454
NEW-f1-dqu-b4.wav,224.2793352245497,0.19999999999999996
CAM-m1-dec-b1.wav,165.81221756820338,0.24946167390046292
BEL-m2-dqu-b6.wav,135.15610129507974,0.24503885831163208
NEW-m2-dqu-a8.wav,96.64649729965173,0.2624177213360822
NEW-f2-dqu-a2.wav,128.6145123132439,0.21130885726345494
NEW-f3-dec-c1.wav,178.77914935012808,0.31000000000000005
NEW-f2-dqu-a3.wav,199.45689682304211,0.24
CAM-m2-dec-a6.wav,76.21497677703853,0.24
CAM-m2-dec-a7.wav,75.40618362886704,0.2644426480034723
BEL-m1-dqu-a1.wav,198.5631906597286,0.29999999999999993
NEW-f2-dqu-b6.wav,154.37487847547746,0.21937894440972205
BEL-f2-dqu-a8.wav,248.61667289817052,0.3622813562075108
BEL-m1-dqu-b4.wav,146.63690748028245,0.2799999999999999
CAM-m2-dec-b2.wav,73.49991282244845,0.14835145559895835
BEL-m1-dqu-b5.wav,147.11296139795405,0.3168259994176793
NEW-f1-dqu-a1.wav,219.5921196734834,0.25
CAM-m1-dec-a5.wav,108.23173198551638,0.30000000000000004
BEL-m2-dqu-a3.wav,148.5820485168041,0.25956697431423614
BEL-m3-dec-c1.wav,107.42180764777025,0.22127362844184018
CAM-m1-dec-a4.wav,102.23794965111146,0.32000000000000006
BEL-m2-dqu-a2.wav,132.3111499128934,0.19999999999999996
NEW-f1-dec-c4.wav,201.68222006963154,0.3746246527907984
NEW-f1-dec-c5.wav,211.96836411608857,0.3600000000000001
BEL-m3-dqu-a4.wav,173.40826854662996,0.2618941519610821
BEL-m2-dec-c6.wav,69.58076344088258,0.27604481486834453
CAM-m1-dqu-c1.wav,215.59425059014853,0.21000000000000008
BEL-m3-dqu-a5.wav,150.7345190004784,0.27462487914496525
NEW-f3-dqu-b1.wav,184.57005832701802,0.277609005144676
NEW-m1-dqu-b4.wav,139.9887321887565,0.20884547834635447
NEW-m1-dqu-b5.wav,210.61389603301157,0.29437138923177075
NEW-f2-dqu-a8.wav,144.29783886287706,0.4224917828595196
BEL-f2-dqu-b6.wav,261.025279802357,0.2373257571299341
CAM-f1-dec-b1.wav,143.30062956147194,0.24236347142505787
NEW-m2-dqu-a3.wav,98.0390459568584,0.21016589591869217
NEW-m3-dec-c1.wav,93.45159190381791,0.23768367164713544
NEW-m2-dqu-a2.wav,98.2343218166311,0.15341787194878465
CAM-f3-dqu-c5.wav,210.27976208173803,0.3699999999999999
CAM-f3-dqu-c4.wav,197.32316026896808,0.3234167252575231
NEW-m3-dqu-a4.wav,120.49323290677384,0.21980151593243613
NEW-m2-dec-c6.wav,96.06341524259398,0.1856622036038773
NEW-m3-dqu-a5.wav,150.15523045133193,0.2400000000000001
BEL-f1-dec-c4.wav,241.24526790334983,0.26039058520977987
CAM-f3-dec-a1.wav,125.42344097617955,0.32000000000000006
BEL-f1-dec-c5.wav,239.19699358456467,0.29000000000000004
NEW-f3-dec-a8.wav,150.5310408495008,0.3706687195442706
NEW-m3-dec-a2.wav,52.06183961125067,0.22925219238281258
NEW-m3-dec-a3.wav,96.57850714055449,0.20438099535228593
NEW-m2-dqu-c1.wav,133.97500335327945,0.12199458591001155
CAM-f3-dqu-a6.wav,209.11342622862009,0.3599999999999999
BEL-f1-dqu-c2.wav,206.368325405332,0.20124824436487265
BEL-f1-dqu-c3.wav,238.345830116292,0.26791167067057287
CAM-f3-dqu-a7.wav,200.69090198000367,0.3875600690740739
NEW-m2-dec-a5.wav,95.42124907481623,0.13
NEW-m3-dqu-c6.wav,155.41815883870518,0.2332780740625
BEL-f1-dec-a7.wav,256.60174363951086,0.1619379844574651
CAM-f3-dec-c3.wav,149.3049209156292,0.3599999999999999
CAM-f3-dec-c2.wav,120.04485202096599,0.39665097708044006
BEL-f1-dec-a6.wav,205.5205244946765,0.2899999999999999
NEW-m1-dec-b2.wav,139.31349656123612,0.2104814969140626
NEW-m1-dec-b3.wav,149.7386789028645,0.21379830439814818
CAM-f1-dqu-b6.wav,186.98668283096882,0.19999999999999996
BEL-f2-dec-b1.wav,211.95982847478442,0.20095466171874998
NEW-f3-dec-b6.wav,176.49996615139037,0.19315028287254066
NEW-f1-dqu-c2.wav,228.16257932576707,0.27413831255425336
NEW-f1-dqu-c3.wav,212.89478279388953,0.27
CAM-m1-dec-c6.wav,127.94522527577742,0.268416196017795
BEL-m3-dec-a2.wav,102.26635300720848,0.29806407068359375
BEL-m3-dec-a3.wav,108.59613522037507,0.2167454497142649
BEL-m2-dqu-c1.wav,143.91654649353782,0.1979142849725115
NEW-f1-dec-a6.wav,206.83686961098766,0.25
BEL-m2-dec-a5.wav,83.13445395438374,0.20999999999999996
CAM-m1-dqu-a3.wav,194.72621098687495,0.24
BEL-m2-dec-a4.wav,70.15217081691277,0.25562455129195616
CAM-m1-dqu-a2.wav,169.33374100700047,0.2200000000000002
BEL-m3-dqu-c6.wav,138.01956515443493,0.2521753200101273
CAM-f1-dqu-a8.wav,176.4945922293285,0.33597717250868087
NEW-f2-dec-b1.wav,118.93121835408324,0.23213917059606493
CAM-m2-dqu-b4.wav,112.89342373347635,0.2161232646375868
BEL-m1-dec-b2.wav,94.15196253858026,0.19999999999999984
CAM-m2-dqu-b5.wav,87.01865866224996,0.26
BEL-m1-dec-b3.wav,96.50955749204708,0.19999999999999996
NEW-f3-dqu-c6.wav,202.46585044485764,0.28
NEW-f2-dec-a4.wav,178.74443363777428,0.26
NEW-f2-dec-a5.wav,159.2917014331568,0.2637908272128182
BEL-m1-dec-a6.wav,87.09412977960082,0.2699999999999999
BEL-m1-dec-a7.wav,83.53259439505037,0.3315055354340277
CAM-m2-dqu-a1.wav,86.59133873543537,0.2826988136328127
NEW-f1-dec-b3.wav,207.36466310388403,0.26
NEW-f1-dec-b2.wav,201.2491097209225,0.27
BEL-m2-dec-b1.wav,85.6026272347249,0.29000000000000004
CAM-m1-dqu-b6.wav,235.60608721301514,0.13057300829861118
BEL-m3-dec-b6.wav,114.40839238127424,0.20487037780092598
NEW-m3-dec-a8.wav,75.61470481953727,0.26
NEW-f2-dqu-c1.wav,191.0050219205401,0.26
NEW-f3-dec-a3.wav,170.40288433076807,0.33999999999999986
NEW-f3-dec-a2.wav,177.3229779545968,0.2599999999999999
CAM-m2-dec-c5.wav,69.77927918226574,0.2863946610677084
BEL-m1-dqu-c3.wav,148.88639844145482,0.27
CAM-m2-dec-c4.wav,68.07433266071072,0.27
BEL-m1-dqu-c2.wav,112.23682867783835,0.16963266505497687
NEW-m1-dec-a6.wav,142.9098926664352,0.23959575876157402
NEW-m1-dec-a7.wav,149.1350485893381,0.2767268816753472
BEL-f2-dec-a4.wav,233.3645579468334,0.2867353725802948
CAM-f1-dqu-a2.wav,176.33465656186664,0.29000000000000004
BEL-f2-dec-a5.wav,213.47050603210903,0.3727333810568574
CAM-f1-dqu-a3.wav,190.18345155050093,0.29000000000000004
NEW-m2-dec-b1.wav,97.74390556933457,0.1410209062847222
CAM-m1-dqu-a8.wav,156.27376022453365,0.28251673041449654
BEL-f1-dec-b3.wav,241.33395627179138,0.2253091325824651
BEL-f1-dec-b2.wav,206.3960446169695,0.21706525634982632
BEL-m3-dec-a8.wav,114.01268507495622,0.2521006557233798
NEW-m3-dec-b6.wav,94.95475965480848,0.15786084761718755
CAM-f3-dqu-b2.wav,196.67916879694278,0.27
CAM-f3-dqu-b3.wav,200.91975031299327,0.26
NEW-m1-dqu-c3.wav,187.42002319602716,0.27108759232421864
NEW-m1-dqu-c2.wav,154.02579809536624,0.2714314863310183
BEL-f2-dqu-c1.wav,242.43425603048007,0.2887831525959429
CAM-f1-dec-c6.wav,72.5255500284514,0.27
BEL-m3-dec-c5.wav,107.51357198947917,0.28205859848669
CAM-m1-dec-a1.wav,187.4264074892184,0.25
BEL-m2-dqu-a6.wav,142.15433372822204,0.2549153322482638
BEL-m3-dec-c4.wav,117.15601292582114,0.3254120530302371
NEW-f1-dqu-a5.wav,216.7536269944605,0.30999999999999983
NEW-f1-dqu-a4.wav,225.17335506553994,0.29000000000000004
CAM-m2-dec-b6.wav,76.58106088874763,0.15000000000000002
BEL-m1-dqu-b1.wav,172.1240046807688,0.1962722118033855
NEW-f2-dqu-b2.wav,178.63085996443317,0.24589381787326392
NEW-f2-dqu-b3.wav,179.2638509480243,0.2642129198177081
NEW-f3-dqu-b5.wav,281.7659423063745,0.4058329999999999
NEW-f3-dqu-b4.wav,182.6403833344441,0.21999999999999997
CAM-m1-dqu-c4.wav,148.7987961691411,0.28
BEL-m2-dec-c2.wav,107.59829030421845,0.24724012881004032
BEL-m3-dqu-a1.wav,155.55734944139718,0.2783911086263018
CAM-m1-dqu-c5.wav,110.16841522018895,0.3999999999999999
BEL-m2-dec-c3.wav,114.65342498710451,0.21139966322337944
NEW-f1-dec-c1.wav,209.12928974504584,0.26
BEL-f1-dqu-a5.wav,212.3212541317855,0.21999999999999997
CAM-f3-dqu-c1.wav,198.5386665094429,0.29000000000000004
BEL-f1-dqu-a4.wav,207.48118228751935,0.24235806828414352
NEW-m3-dec-c5.wav,95.63031616661469,0.2966537174479168
NEW-m2-dqu-a7.wav,115.00556184191664,0.2805897573965568
NEW-m2-dqu-a6.wav,115.42897825168298,0.17508716698061344
NEW-m3-dec-c4.wav,72.20914794760063,0.2632186393229168
CAM-f1-dec-b4.wav,76.79176386661803,0.2278688578841146
BEL-f2-dqu-b2.wav,250.67572724327832,0.3147605042516447
CAM-f1-dec-b5.wav,112.72224993147586,0.30000000000000004
BEL-f2-dqu-b3.wav,248.6955975965273,0.25991058747944085
NEW-m1-dqu-b1.wav,173.8665648750511,0.23028974281249992
CAM-f3-dec-a4.wav,125.95748608211179,0.3501005107964408
BEL-f1-dec-c1.wav,208.16910893181586,0.22995105253833925
CAM-f3-dec-a5.wav,115.50468209816479,0.3700000000000001
NEW-m2-dec-c2.wav,94.49977234043942,0.16335579933449074
NEW-m3-dqu-a1.wav,144.37378741275796,0.18952090065465843
NEW-m2-dec-c3.wav,95.8379165450803,0.2117846883962673
CAM-f3-dec-b1.wav,133.27650600873946,0.29234879394531244
NEW-m3-dqu-b4.wav,149.4034209632623,0.17709491543981482
NEW-m3-dqu-b5.wav,134.8756908937896,0.25558418534722216
CAM-f1-dqu-c5.wav,183.4213746148609,0.3500000000000001
BEL-f2-dec-c3.wav,217.6191152862913,0.31999999999999995
CAM-f1-dqu-c4.wav,184.39102356036344,0.32000000000000006
BEL-f2-dec-c2.wav,218.3792250074207,0.21639282120081016
NEW-m1-dec-c1.wav,150.1575619315097,0.2191822342766202
BEL-f2-dqu-a6.wav,244.94138850162153,0.32204361664062486
BEL-f2-dqu-a7.wav,257.9667565563199,0.3462412806332238
CAM-f1-dec-a1.wav,149.59157053617176,0.25
NEW-m1-dqu-a4.wav,184.18310404504973,0.26939672807146997
NEW-m1-dqu-a5.wav,160.90701481053748,0.25
BEL-f1-dqu-b1.wav,204.86976504164573,0.2739622426605903
NEW-m2-dqu-b3.wav,93.53122811527606,0.14673172779224541
NEW-m2-dqu-b2.wav,128.82929769828942,0.10832045148871527
BEL-m3-dqu-b4.wav,137.78930703358367,0.22804590869285302
BEL-m3-dqu-b5.wav,138.29215340769318,0.31413589561342603
BEL-m1-dec-c1.wav,91.38428611261621,0.2400000000000001
NEW-f2-dec-c3.wav,138.5579546203993,0.3437635582031249
NEW-f3-dqu-a1.wav,193.58491902639489,0.30999999999999983
NEW-f2-dec-c2.wav,155.57872434511856,0.3084904424479167
BEL-m1-dqu-a4.wav,161.79633541022204,0.34659537880136004
CAM-m2-dec-a2.wav,67.87572027008574,0.21886784897752198
BEL-m1-dqu-a5.wav,140.41739970983357,0.28
CAM-m2-dec-a3.wav,68.89875894485043,0.1888027129123263
NEW-f3-dec-c4.wav,179.1421392944921,0.33000000000000007
NEW-f2-dqu-a6.wav,174.48057461011715,0.26730880079065367
NEW-f2-dqu-a7.wav,158.49637172508497,0.47233323434895835
NEW-f3-dec-c5.wav,191.73540598069184,0.40773700634910304
CAM-m1-dec-b5.wav,86.83954690130719,0.32999999999999996
CAM-m1-dec-b4.wav,137.67653456342686,0.23999999999999988
BEL-m2-dqu-b2.wav,124.588339118745,0.22999999999999998
NEW-f1-dqu-b1.wav,222.1422437085435,0.3060609520572919
BEL-m2-dec-b5.wav,77.67011773042344,0.27798122494791677
CAM-m1-dqu-b3.wav,219.07666866541132,0.20999999999999996
BEL-m2-dec-b4.wav,56.46214531919081,0.22999999999999998
CAM-m1-dqu-b2.wav,214.63620959187662,0.19999999999999996
NEW-f1-dec-b6.wav,209.59642586474223,0.2018146304210069
BEL-f1-dec-a8.wav,204.26204348231295,0.29500985918402756
CAM-m2-dqu-a4.wav,91.62780743973296,0.22260207925925912
BEL-m1-dec-a2.wav,130.74561909765487,0.1991299573372396
CAM-m2-dqu-a5.wav,114.22098565126545,0.21999999999999986
BEL-m1-dec-a3.wav,111.052015540213,0.23149199722294556
NEW-f3-dqu-c2.wav,279.9737649663711,0.2723107660590278
NEW-f3-dqu-c3.wav,194.5745667501964,0.30000000000000004
BEL-m1-dqu-c6.wav,92.71825628982607,0.27
NEW-f3-dec-a7.wav,198.76918353601397,0.4443688538223378
NEW-f2-dqu-c5.wav,204.70571256761198,0.32999999999999985
NEW-f2-dqu-c4.wav,170.64720338643752,0.3581131813230616
NEW-f3-dec-a6.wav,170.88383812548776,0.34826109602719924
BEL-m3-dec-b2.wav,102.58130916704282,0.22120852405092595
BEL-m3-dec-b3.wav,104.91018723994686,0.22612907670572902
NEW-f1-dec-a8.wav,204.0288276783327,0.4035546109121819
BEL-f1-dec-b6.wav,257.9079050371666,0.19985137034505196
NEW-m2-dec-b5.wav,94.99148383994226,0.18644624593098957
CAM-f1-dqu-a6.wav,183.36074689739084,0.29000000000000004
BEL-f2-dec-a1.wav,212.6303665672505,0.2635026499312789
NEW-m1-dec-a2.wav,144.38445410558376,0.25901055443721066
NEW-m1-dec-a3.wav,139.03292332231703,0.27951956685112855
BEL-f2-dqu-c5.wav,250.376854250915,0.35227797003289496
CAM-f1-dec-c3.wav,119.7250063864732,0.24
BEL-f2-dqu-c4.wav,221.74468590289987,0.3271159438733552
CAM-f1-dec-c2.wav,144.52760017407417,0.27
NEW-m1-dqu-c6.wav,185.93300877059872,0.2899877131698496
CAM-f3-dqu-b6.wav,227.75667810300433,0.22999999999999998
NEW-m3-dec-b2.wav,109.10656912097586,0.18285995224971063
NEW-m3-dec-b3.wav,97.09892070474359,0.1613017736002602
BEL-f1-dqu-c6.wav,233.18423878907092,0.31000000000000005
CAM-f3-dqu-a2.wav,193.6965609647362,0.268994697450087
CAM-f3-dqu-a3.wav,206.60059426909012,0.29000000000000004
NEW-m3-dec-a6.wav,79.26027119642372,0.21115313764250587
NEW-m2-dqu-c4.wav,97.25764280553939,0.205488432800926
NEW-m2-dqu-c5.wav,99.14341328181209,0.20694553966941542
BEL-f2-dec-b4.wav,219.19389221621805,0.26557419900173584
BEL-f2-dec-b5.wav,219.09988193005884,0.4533817847070313
CAM-f1-dqu-b3.wav,192.52260156937604,0.25
BEL-m1-dec-a8.wav,89.78316762059265,0.3215698123090278
NEW-m1-dec-b6.wav,147.82774247531395,0.1761182151511863
BEL-f1-dec-a3.wav,202.05044682976043,0.24668007851562512
BEL-f1-dec-a2.wav,212.42156856939377,0.26589183974392383
CAM-f3-dec-c6.wav,80.94126984793462,0.3700000000000001
NEW-m3-dqu-c3.wav,144.09721563447107,0.22498796242404517
BEL-m3-dec-a6.wav,104.7927531785775,0.2662396097186054
BEL-m2-dqu-c4.wav,130.2356263320209,0.2899999999999998
BEL-m2-dqu-c5.wav,127.4789114260536,0.24
CAM-m1-dec-c3.wav,128.7488173658461,0.30000000000000004
BEL-m3-dec-a7.wav,97.52588400043956,0.3141090081814236
NEW-f1-dqu-c6.wav,218.30798233073523,0.250738739239728
NEW-f3-dec-b3.wav,176.0821747932762,0.27877071402416087
NEW-f3-dec-b2.wav,186.4693831253868,0.3101555846209494
BEL-m1-dec-b6.wav,91.99985471214063,0.1890248937290222
NEW-m1-dec-a8.wav,126.8046940853131,0.291588340038339
CAM-m2-dqu-b1.wav,96.53625181610768,0.1870545069791666
NEW-f2-dec-b4.wav,169.7795310057928,0.22745376088252311
NEW-f2-dec-b5.wav,115.2637866262102,0.32999999999999985
CAM-m1-dqu-a7.wav,149.74579255725027,0.3046186874001735
BEL-m2-dec-a1.wav,59.432131947707155,0.22999999999999998
BEL-m3-dqu-c3.wav,154.6302983228872,0.29630687056206595
BEL-m3-dqu-c2.wav,132.52649597567242,0.2074450152604166
NEW-f1-dec-a3.wav,204.33519161092127,0.27
NEW-f1-dec-a2.wav,200.65998628848578,0.28827892065104177
BEL-m1-dec-a5.wav,100.61151122443798,0.25
CAM-m2-dqu-a3.wav,109.99790046623843,0.22453444300925907
BEL-m1-dec-a4.wav,100.1555891100704,0.26796901380859395
CAM-m2-dqu-a2.wav,82.02485978445733,0.24493323551576962
NEW-f3-dqu-c5.wav,156.85995528290502,0.35848210776475686
NEW-f2-dec-a7.wav,157.93741876003972,0.32462023107638893
NEW-f2-dec-a6.wav,111.15062960798305,0.2485002815820312
NEW-f3-dqu-c4.wav,193.54633562362466,0.34999999999999987
CAM-m1-dqu-b4.wav,162.91516485262548,0.20999999999999996
BEL-m2-dec-b2.wav,90.78726886125104,0.22797037200086812
CAM-m1-dqu-b5.wav,104.38473973847503,0.3500000000000001
BEL-m2-dec-b3.wav,88.29005848455208,0.25
NEW-f1-dec-b1.wav,196.44345312362495,0.2837996419270832
BEL-m3-dec-b5.wav,105.30629065620727,0.3576172768504049
BEL-m3-dec-b4.wav,103.80689324976808,0.2206114042050057
CAM-m2-dec-c6.wav,72.22844456617612,0.22999999999999998
BEL-m1-dqu-c1.wav,155.98237488675056,0.31000000000000005
NEW-f2-dqu-c2.wav,173.22728421275377,0.2842725966145834
NEW-f3-dec-a1.wav,176.36398440196695,0.2999999999999998
NEW-f2-dqu-c3.wav,179.82638803068787,0.3866956896072049
BEL-f2-dec-a7.wav,211.6430825276771,0.3355999593930845
CAM-f1-dqu-a1.wav,182.64898758770255,0.32999999999999985
BEL-f2-dec-a6.wav,208.95945787506065,0.3772548956835937
NEW-m1-dec-a5.wav,147.6018565619576,0.22062379543836808
NEW-m1-dec-a4.wav,143.35867572462905,0.24556968936414947
BEL-f1-dec-b1.wav,203.6327468691309,0.26
NEW-m2-dec-b2.wav,95.19179865122105,0.1402901170920139
NEW-m2-dec-b3.wav,98.06117863874717,0.1446408244791667
CAM-f3-dqu-b1.wav,193.2350985809808,0.28324346675491885
NEW-m3-dec-b5.wav,79.0253865441059,0.28669015304759826
CAM-f1-dec-c4.wav,113.17752228047651,0.31999999999999984
BEL-f2-dqu-c2.wav,256.51479139040055,0.2222087685032894
CAM-f1-dec-c5.wav,150.0746087040238,0.3600000000000001
BEL-f2-dqu-c3.wav,260.26883300896185,0.3335084517680922
NEW-m1-dqu-c1.wav,177.3534436786312,0.2272233296874997
CAM-f3-dqu-a5.wav,223.81524577655534,0.30999999999999983
BEL-f1-dqu-c1.wav,252.61909933869143,0.22999999999999998
CAM-f3-dqu-a4.wav,140.18867934838067,0.32000000000000006
NEW-m2-dqu-c3.wav,97.09771157625923,0.24
NEW-m2-dqu-c2.wav,121.29286024191249,0.15316027767578122
BEL-f1-dec-a4.wav,212.01815798932748,0.24
CAM-f3-dec-c1.wav,96.59033865758028,0.31000000000000005
BEL-f1-dec-a5.wav,224.50790481805217,0.29999999999999993
NEW-m3-dqu-c4.wav,144.11594773702328,0.24875848511574083
NEW-m2-dec-a6.wav,99.85435007916128,0.11776735560763896
NEW-m2-dec-a7.wav,99.72614856725143,0.17734132028211813
NEW-m3-dqu-c5.wav,139.09102493556873,0.2948815052741607
CAM-f1-dqu-b5.wav,177.80903977285254,0.3500000000000001
BEL-f2-dec-b3.wav,218.93357698943987,0.3056684234541377
CAM-f1-dqu-b4.wav,179.67901379862388,0.2499999999999999
BEL-f2-dec-b2.wav,220.85044876774398,0.30665330898871523
NEW-m1-dec-b1.wav,148.0011006190433,0.22175686306423614
NEW-f3-dec-b4.wav,170.29386465865326,0.18999999999999995
NEW-f3-dec-b5.wav,173.8067326977964,0.376249618417245
CAM-m1-dec-c5.wav,73.25609603932305,0.32000000000000006
BEL-m3-dec-a1.wav,108.23433680619203,0.27239865372902183
CAM-m1-dec-c4.wav,120.92597391539977,0.31000000000000005
BEL-m2-dqu-c2.wav,127.51726914346843,0.25
NEW-f1-dqu-c1.wav,219.30212998559315,0.19999999999999996
BEL-m3-dqu-c4.wav,160.90490878874067,0.25768181732711215
BEL-m2-dec-a6.wav,64.53418709071785,0.25027720218315963
BEL-m2-dec-a7.wav,71.19736830558959,0.3266500063657407
CAM-m1-dqu-a1.wav,211.08011959135737,0.25
BEL-m3-dqu-c5.wav,135.25704230873697,0.2906317237196181
NEW-f1-dec-a4.wav,206.16151535321114,0.2809534603971353
NEW-f1-dec-a5.wav,211.851395066843,0.30000000000000004
BEL-m1-dec-b1.wav,104.40424349647556,0.19520424703125006
CAM-m2-dqu-b6.wav,102.27384011349739,0.18999999999999995
NEW-f2-dec-b3.wav,181.1422602378637,0.24653414920138905
NEW-f2-dec-b2.wav,151.0321626882144,0.19999999999999996
BEL-m1-dqu-b6.wav,140.12084951479522,0.17247660850694446
NEW-m1-dqu-a8.wav,195.44958718032925,0.3153588888100405
NEW-f2-dqu-b5.wav,179.37519020076206,0.3290549443055555
NEW-f2-dqu-b4.wav,134.40545802410028,0.24698461009837924
CAM-m1-dec-a6.wav,113.41143805512289,0.29000000000000004
BEL-m3-dec-c2.wav,106.64842042018354,0.2573802506076389
BEL-m3-dec-c3.wav,112.11670377698916,0.26486483261067706
CAM-m1-dec-a7.wav,124.27464468484489,0.2935935482638887
BEL-m2-dqu-a1.wav,154.55800627825016,0.21999999999999997
NEW-f1-dqu-a2.wav,205.17957591818075,0.2871196031517649
NEW-f1-dqu-a3.wav,205.4806449796008,0.25237449461588524
BEL-m3-dqu-a7.wav,113.26919732376686,0.38274990595486114
BEL-m2-dec-c5.wav,68.35456791182322,0.29000000000000004
CAM-m1-dqu-c3.wav,193.7079308205798,0.19000000000000006
BEL-m2-dec-c4.wav,91.51326343995555,0.31999999999999984
CAM-m1-dqu-c2.wav,226.97413240842994,0.2100000000000002
NEW-f1-dec-c6.wav,203.07944258185074,0.253817033046875
NEW-f3-dqu-b2.wav,215.8393227096939,0.23016229692201973
NEW-f3-dqu-b3.wav,185.92058620804085,0.2799999999999999
BEL-f2-dqu-b5.wav,256.06855823661124,0.3836171277987941
CAM-f1-dec-b3.wav,74.78409559808179,0.18999999999999995
BEL-f2-dqu-b4.wav,239.2044990663284,0.2906663616392543
CAM-f1-dec-b2.wav,157.47270734574897,0.20999999999999996
BEL-m1-dqu-a8.wav,138.07977804114012,0.3227480545775462
NEW-m1-dqu-b6.wav,219.6253261552529,0.15869379876736112
CAM-f3-dqu-c6.wav,186.47953159139914,0.3600000000000001
BEL-f1-dqu-a2.wav,198.24079010922017,0.2500000000000001
BEL-f1-dqu-a3.wav,202.79527134565808,0.20650955954861117
NEW-m3-dec-c2.wav,163.811821849328,0.23514760981626148
NEW-m3-dec-c3.wav,94.78183701378993,0.27452190212673633
NEW-m2-dqu-a1.wav,111.47772845630969,0.1759760311848957
CAM-f3-dec-a3.wav,75.46332476448278,0.32000000000000006
CAM-f3-dec-a2.wav,144.91445436838404,0.25957386202112276
BEL-f1-dec-c6.wav,219.26073082759143,0.30000000000000004
NEW-m2-dec-c5.wav,99.94566730431377,0.17737281180193842
NEW-m2-dec-c4.wav,98.23813399042372,0.19932631301576975
NEW-m3-dqu-a6.wav,140.6268118393378,0.19657235062210643
BEL-f2-dec-c4.wav,220.1900492728766,0.37119875968967
CAM-f1-dqu-c2.wav,171.9145788565701,0.33000000000000007
BEL-f2-dec-c5.wav,217.646630329641,0.3597555163375289
CAM-f1-dqu-c3.wav,184.717666474738,0.33999999999999986
NEW-m1-dec-c6.wav,80.21864541767202,0.2684341590711803
CAM-f3-dec-b6.wav,118.21064428379398,0.28
NEW-m3-dqu-b3.wav,145.03709395795778,0.1904196337268519
NEW-f1-dqu-a8.wav,213.45083104274954,0.33000000000000007
BEL-f1-dqu-b6.wav,244.70593899411367,0.18651678183449083
NEW-m2-dqu-b4.wav,97.65361434324095,0.14078836832682284
NEW-m2-dqu-b5.wav,96.60173059266965,0.19039997746672443
BEL-f2-dqu-a1.wav,266.6958727746718,0.28980323613353587
CAM-f1-dec-a6.wav,71.83707233005788,0.28
NEW-m1-dqu-a3.wav,202.24588041165052,0.2185261296477139
NEW-m1-dqu-a2.wav,177.36514811868636,0.25642332310763893
BEL-m1-dec-c6.wav,88.25919430223846,0.26
NEW-f3-dqu-a6.wav,218.4898709273442,0.3168343889778644
NEW-f2-dec-c4.wav,170.29791688438922,0.28
NEW-f2-dec-c5.wav,171.59982978187355,0.3500000000000001
NEW-f3-dqu-a7.wav,290.3184404008324,0.2860714431423611
BEL-m3-dqu-b3.wav,145.39944293412373,0.2600000000000001
BEL-m3-dqu-b2.wav,144.8719226156945,0.2607333529296876
CAM-f3-dec-a8.wav,106.86909169457739,0.42999999999999994
CAM-m1-dec-b2.wav,162.88938163293344,0.20000000000000007
BEL-m2-dqu-b5.wav,133.04962116682086,0.22999999999999998
CAM-m1-dec-b3.wav,132.61926130125437,0.2699999999999999
NEW-f1-dqu-b6.wav,210.27136178477627,0.24036379187716994
BEL-f1-dqu-a8.wav,244.841889125163,0.3060660251663774
CAM-m2-dec-a5.wav,70.7494339177276,0.2100000000000002
BEL-m1-dqu-a3.wav,135.4865076519345,0.2899999999999999
BEL-m1-dqu-a2.wav,169.5169970720377,0.20679703873553246
NEW-f2-dqu-a1.wav,166.58953048421762,0.32000000000000006
NEW-f3-dec-c3.wav,142.92635386031841,0.318833689597801
NEW-f3-dec-c2.wav,168.2226872680672,0.27553333758897547
CAM-f2-dec-c3.wav,78.42118195223907,0.22999999999999998
CAM-f2-dec-c2.wav,158.2748589321526,0.26507705103443313
BEL-f3-dec-b1.wav,251.14198286042327,0.26201658804824546
CAM-f2-dqu-a6.wav,160.72231920374705,0.19999999999999996
CAM-f2-dqu-a7.wav,239.74031223796064,0.2664571242317708
CAM-f2-dqu-b2.wav,220.49756470672824,0.17999999999999994
CAM-f2-dqu-b3.wav,214.58476612131724,0.18999999999999995
BEL-f3-dqu-c1.wav,203.9343779699821,0.36598891799117506
BEL-f3-dec-a4.wav,224.88088776365308,0.30000000000000004
BEL-f3-dec-a5.wav,221.8663043668642,0.34192319583607467
BEL-f3-dqu-a2.wav,278.9480096751724,0.2693348299189815
BEL-f3-dqu-a3.wav,267.374002609381,0.28
BEL-f3-dec-c6.wav,214.81751680768525,0.30000000000000004
CAM-f2-dec-b4.wav,190.54684123595095,0.19999999999999996
CAM-f2-dec-b5.wav,204.80604875867127,0.32000000000000006
BEL-f3-dqu-a8.wav,220.768600208473,0.34260749266927104
CAM-f2-dec-a1.wav,94.96291895790492,0.27
BEL-f3-dqu-b6.wav,276.2944102710635,0.2843983022656251
CAM-f2-dqu-c5.wav,243.3923934731747,0.31000000000000005
CAM-f2-dqu-c4.wav,167.91996715132814,0.24757656181134258
BEL-f3-dqu-a5.wav,181.89371085011666,0.3621677836834487
BEL-f3-dqu-a4.wav,211.19171074469804,0.32999999999999985
CAM-f2-dec-b3.wav,185.3404858277142,0.21999999999999997
CAM-f2-dec-b2.wav,92.23831215304293,0.22176762389467597
BEL-f3-dec-c1.wav,242.19721159492607,0.35020179360460046
CAM-f2-dec-a7.wav,158.12655931441847,0.3136215374247686
CAM-f2-dec-a6.wav,81.77180607211686,0.22999999999999998
CAM-f2-dqu-c2.wav,229.96504238424467,0.21999999999999997
CAM-f2-dqu-c3.wav,233.31621007491273,0.17999999999999994
BEL-f3-dqu-b1.wav,272.4508375999634,0.25362583466435185
BEL-f3-dec-b6.wav,253.35176221591948,0.22600610018807887
CAM-f2-dec-c4.wav,117.14471151779829,0.29000000000000004
CAM-f2-dec-c5.wav,245.45538732576657,0.30000000000000004
CAM-f2-dqu-a1.wav,214.64829785618136,0.22999999999999998
BEL-f3-dec-a8.wav,232.9637165704025,0.3600000000000001
BEL-f3-dqu-c6.wav,211.9550047168222,0.329041686400557
CAM-f2-dqu-b5.wav,217.80684362481267,0.27
CAM-f2-dqu-b4.wav,235.32233047507916,0.15999999999999992
BEL-f3-dec-a3.wav,263.0753645589971,0.3642004667763159
BEL-f3-dec-a2.wav,227.47365791686022,0.3342403016995612
CAM-f2-dec-a3.wav,148.30087091279245,0.27
CAM-f2-dec-a2.wav,184.96357946985435,0.21999999999999997
BEL-f3-dqu-b5.wav,189.50297495351109,0.3899999999999999
BEL-f3-dqu-b4.wav,200.9595981645549,0.34279882785373283
CAM-f2-dqu-c6.wav,220.60237678638248,0.21999999999999997
BEL-f3-dqu-a1.wav,139.00928325564095,0.33999999999999986
BEL-f3-dec-c4.wav,224.38503073286773,0.33000000000000007
BEL-f3-dec-c5.wav,253.49191247955483,0.4186803917086228
CAM-f2-dec-b6.wav,138.7186164437665,0.16000000000000014
CAM-f2-dec-a8.wav,192.39335644286376,0.30000000000000004
CAM-f2-dqu-b1.wav,242.434188863453,0.22999999999999998
BEL-f3-dqu-c2.wav,263.13057823476515,0.266170492578125
BEL-f3-dqu-c3.wav,221.41563485910908,0.31999999999999984
BEL-f3-dec-a7.wav,219.90900786205603,0.30376504851973696
BEL-f3-dec-a6.wav,183.73489388538977,0.33999999999999986
CAM-f2-dec-c1.wav,191.61474909479531,0.24
BEL-f3-dec-b3.wav,225.03509169038168,0.3388174075109649
BEL-f3-dec-b2.wav,195.38242635729074,0.3556128696271932
CAM-f2-dqu-a5.wav,253.97710936441248,0.19999999999999996
CAM-f2-dqu-a4.wav,156.35093118194544,0.22700395231987835
CAM-f2-dqu-a8.wav,229.51888358740732,0.29000000000000004
BEL-f3-dqu-c5.wav,201.62368400645917,0.41999999999999993
BEL-f3-dqu-c4.wav,201.61258486726106,0.3599999999999999
CAM-f2-dqu-b6.wav,162.28798004996813,0.10000000000000009
BEL-f3-dec-a1.wav,257.3588940625716,0.3400000000000001
BEL-f3-dec-b4.wav,247.59228756483117,0.33000000000000007
BEL-f3-dec-b5.wav,246.19401002497136,0.4077102625347222
CAM-f2-dec-c6.wav,186.6177212699748,0.27
CAM-f2-dqu-a2.wav,268.12803342514883,0.17999999999999994
CAM-f2-dqu-a3.wav,214.23311144563468,0.24
CAM-f2-dec-a4.wav,197.6154537348116,0.26
CAM-f2-dec-a5.wav,100.13605631386056,0.28
CAM-f2-dqu-c1.wav,220.57513061325315,0.24
BEL-f3-dqu-b2.wav,227.57962201390964,0.3545657556575519
BEL-f3-dqu-b3.wav,236.49812856716264,0.35824204661458325
BEL-f3-dqu-a6.wav,142.02500097986695,0.40000000000000013
BEL-f3-dqu-a7.wav,187.73237485924358,0.2813679732812502
CAM-f2-dec-b1.wav,207.90133172106334,0.2220347154318576
BEL-f3-dec-c3.wav,219.61953380230926,0.37171627529947937
BEL-f3-dec-c2.wav,217.2748664907893,0.21436694363715292